"","ShortLin","coefficient","p_val"
"1","BA.1",0.0159001590391747,0.0452348554772058
"2","BA.1.1",0.0161733739430464,0.0110671962247652
"3","BA.2",-0.015276646696208,0.00188712853170463
"4","BA.2.12.1",-0.0208186590126349,2.24405780890982e-05
"5","BA.4.6",0.0215259264112358,0.227306788158976
"6","BA.5",0.0152471932696367,3.99935006047872e-25
"7","BQ.1.1",0.00537417369019051,0.757861881668261
"8","XBB.1.5",0.029994666097012,0.023583699220574
